id,dong,store,tell,adr
1,갈말읍,갈말농협하나로마트,334526222,갈말읍삼부연로17-6
2,갈말읍,김밥나라,334526008,갈말읍삼부연로1(신철원사거리)
3,갈말읍,또래오래,334529292,강원도철원군갈말읍지포리105-4아울렛BC마트옆
4,갈말읍,멕시카나치킨,334529559,철원군갈말읍명성로158-23(철원막국수밑)
5,갈말읍,청원,334520035,철원군갈말읍삼부연로17-12(농협하나로마트언덕길50M부근)
6,갈말읍,토토가스전문점,334521014,강원도철원군갈말읍명성로149번길8-1(금강산사우나입구근처)
7,갈말읍,피자에땅신철원점,334529289,갈말읍명성로149번길2(신철원사거리)
8,강남동,33꼬마김밥떡볶이온의점,332579933,강원춘천시스포츠타운길5331층101호(온의동)
9,강남동,가리미김밥온의점,332527631,강원도춘천시영서로2279번길13(강남병원뒷골목)
10,강남동,국수나무롯데캐슬점,332566600,"강원춘천시방송길70,117동101호(온의동,온의롯데캐슬스카이클래스좌측)"
11,강남동,백리향,332520128,강원도춘천시터미널길14번길18-1고속터미널앞
12,강남동,백리향,332520128,강원도춘천시터미널길14번길18-1춘천터미널근처
13,강남동,본죽,332526288,강원도춘천시온의동148-4화산사우나옆
14,강남동,빠띠시에,332577109,"강원도춘천시칠전서길28-1,1층칠전상가4호,5호칠전동신남초등학교김밥나라옆"
15,강남동,오케이치킨온의점,332565757,"춘천시방송길70(온의동,롯데캐슬스카이클래스)롯데캐슬상가117동117호"
16,강남동,충무김밥나라,332567752,강원춘천시터미널길16(온의동)(이마트옆길)
17,강남동,치요남치킨(칠전점),332619928,"강원춘천시칠전서길34,1층(칠전동)신남초등학교정문앞"
18,강남동,파리바게트춘천온의점,332448200,강원도춘천시영서로2319
19,강남동,황소머리국밥,332643337,춘천로17번길31212호(강남동주민센터옆)
20,강동면,강릉농협하나로마트강동지점,336457453,강원강릉시강동면와천로463
21,강동면,강릉농협하나로마트정동지점,336445075,강원강릉시헌화로1060
22,강릉시,"CU(구,훼미리마트)(강릉시)",15773663,전국
23,강릉시,지에스리테일(GS25)(강릉시),220062174,서울시강남구논현로508GS타워18층
24,개운동,김밥나라,337641588,강원원주시개운동394-13(개운동사무소건너편)
25,개운동,놀부만두김밥,337641242,강원도원주시개운로6(개운동)(원주고등학교뒤쪽휴먼시아아파트옆)
26,개운동,미리내한식,337662790,강원도원주시개운로53(원고사거리근처)
27,개운동,세화마트,337632420,강원도원주시개운로78(상수여고부근)*3만원이상배달가능
28,개운동,수정루,337628653,강원도원주시개운로94(개운동)상지여고옆
29,개운동,아삭아삭유통반곡,337467877,강원도원주시반곡길17(개운동)(블루밍아파트건너편)
30,개운동,파리바게트(개운점),337637556,강원원주시개운동휴먼시아APT(원주고정문오른쪽)
31,교동,"CU(구,훼미리마트)속초교동점",336388009,강원도속초시교동933-9
32,교동,"CU(구,훼미리마트)속초대우점",336311068,강원도속초시교동８０４－１２４
33,교동,"CU(구,훼미리마트)속초만천사거리점",336381293,강원도속초시교동748-5
34,교동,"CU(구,훼미리마트)속초먹골점",336381400,강원도속초시교동９６８－８
35,교동,"CU(구,훼미리마트)속초삼환점",336358980,강원도속초시교동９２６
36,교동,"CU(구,훼미리마트)속초스파랜드점",336360091,강원도속초시교동781-60씨티스포렉스1층109-1호
37,교동,"CU(구,훼미리마트)속초청학사랑점",336356967,강원도속초시청학동642-65
38,교동,"CU(구,훼미리마트)속초청학점",336337791,강원도속초시청학４８２－３９０
39,교동,"CU(구,훼미리마트)속초현대점",336381990,강원도속초시교동620-28현대프라자1층131호
40,교동,꼬시네돈까스교동점,6368775,강원속초시교동번영로43번길22(주공2차@밑k마트상가내)
41,교동,나무그늘,6364994,강원속초시교동번영로21(속초초후문건너편)
42,교동,뉴욕제과,6328440,강원도속초시교동656-3번지(교동삼거리)
43,교동,달인의꿈,336358586,속초시먹거리1길24(석미모닝파크상가)
44,교동,대청봉삼원각,336315506,강원도속초시교동800-62(로얄2차입구근처킹마트맞은편)
45,교동,돈까스아저씨본점,336338856,속초시먹거리7길18(동원해장국근처)
46,교동,동성관,336385420,강원도속초시수복로13(교동)석미아파트건너편
47,교동,또래오래치킨(효자중앙점),332539992,강원춘천시전원안길11-1(교동)(교동초근처)
48,교동,뚜레쥬르(속초교동점),336362929,강원도속초시미시령로3387(교동)설악중맞은편농협옆
49,교동,뚜레쥬르(한림대점),332420908,강원도춘천시삭주로76(교동)(한림대정문앞)
50,교동,뚜레쥬르노학점,336379044,강원속초시교동704-126(대우아파트맞은편)
51,교동,뚜레쥬르속초로데오점,336373737,강원도속초시중앙로71(청학사거리)
52,교동,마마트속초교동점,336336455,강원도속초시중앙로57(교동)다비치안경점건물1층
53,교동,말썽꾸러기꼬마김밥,336339064,속초시동해대로4276(새생명한의원옆)
54,교동,맘스터치,6358959,강원속초시교동번영로39(금강아파트건너편상가1층)
55,교동,미스터파파임실치즈피자(한림점),2529282,강원도춘천시삭주로80번길17
56,교동,미화네떡볶이1,1047454145,강원춘천시교동15-3(한림대학교정문앞)
57,교동,본죽한림대점,332446282,춘천시교동157-15한림성심병원근처
58,교동,봉구스밥버거,6357477,강원속초시교동동명동566-18(금강아파트맞은편세븐일레븐옆)
59,교동,봉구스밥버거속초여고점,336320903,"강원속초시동해대로4303,1층(교동)속초여고후문버스정류장앞"
60,교동,봉구스밥버거(한림대점),332642050,강원도춘천시삭주로70(한림대정문근처)
61,교동,봉브레드,336334826,강원속초시동해대로4344-1
62,교동,분식파티,6371490,강원속초시교동664-217(장외과건너편)
63,교동,생생돈가스,336386969,강원도속초시교동781이우프라자105호<동부아파트앞건물>근접거리배달가능
64,교동,석봉토스트,336354579,강원속초시교동635-44
65,교동,속초해물뚝배기짬뽕,336370121,강원도속초시먹거리6길17-1먹거리내고기랑산채랑맞은편
66,교동,신촌옥,6311515,강원속초시청대로341
67,교동,아이러브피자교동점,336382599,강원도속초시미시령로3359번길20(교동)스파랜드상가
68,교동,오봉도시락강원속초점,336365001,강원속초시교동중앙로17(삼성병원근처농협뒤)
69,교동,올리브떡볶이,336380741,강원속초시교동동부아파트맞은편상가내1층
70,교동,요런닭꼬치,336331469,"배움터길4,1층(속초여자고등학교입구)"
71,교동,이경규돈치킨한림대점,332539235,강원도춘천시성심로9교동156-4한림대병원앞
72,교동,이삭토스트(교동한림대점),332446498,강원춘천시삭주로70
73,교동,이서방치킨,336369292,"강원속초시교동번영로43번길36(교동,설악남중학교옆)"
74,교동,이수고로케,336310103,강원도속초시동해대로4258(교동)
75,교동,참스김밥,336351136,강원속초시동해대로4307-1뉴명성독서실1층
76,교동,춘천명인만두한림점,332510091,강원도춘천시삭주로62-1
77,교동,치킨이땡기는날,2555675,강원춘천시교동156-2(한림대성심병원정문앞부근)
78,교동,토마토도시락(한림대점),332427407,강원춘천시삭주로69(한림대정문한림대병원사이)
79,교동,파리바게뜨,336363215,강원속초시교동841-1(대우아파트후문건너편)
80,교동,파리바게뜨동부점,336330459,강원속초시교동781-1(속초중학교맞은편)
81,교동,파리바게트속초현대점,6319626,강원속초시교동620-28(현대프라자1층131호)
82,교동,파챠이,336368872,강원도속초시먹거리9길26속초세무서정문근처
83,교동,피자스쿨춘천한림대점,333558008,강원도춘천시삭주로71한림대학교정문한림대학교병원사이
84,교동,한림성,332560054,"강원도춘천시교동길58한림대원룸근처*5,000원이상배달가능"
85,교동,한솥도시락(한림대앞점),332424333,강원도춘천시삭주로68
86,교동,한스델리속초점,336375212,강원속초시청학동482-243(청학사거리근처로데오아치)
87,구정면,강릉농협하나로마트구정지점,336447588,강원강릉시구정면범일로347
88,귀래면,남원주농협귀래지점,337624039,강원원주시귀래면운남리952-5(귀래면사무소앞)
89,근화동,갤러리닭강정,332527000,강원춘천시당간지주길741층(근화동)
90,근화동,파리바게뜨춘천신성점,332616358,강원도춘천시공지로439번길24(미소지움아파트앞)
91,근화동,호식이두마리치킨,332429978,공지로432-1(춘천중학교정문앞)
92,근화동,희래등근화점,332422336,"강원춘천시공지로450(춘천중근처,신성미소지음아파트근처)"
93,금호동,김밥나라중앙2호점,6373797,"강원속초시중앙동중앙시장로117(국민은행건너편,관광수산시장입구)"
94,금호동,김밥천국,336371122,강원속초시중앙동중앙로114-1(로데오거리미스터피자맞은편)
95,금호동,꼬시네돈까스,6354994,강원속초시조양동498-14(새싹유치원옆)
96,금호동,마마스김밥,336382211,강원도속초시중앙로135-1(신한은행옆)
97,금호동,맘스터치속초점,336376008,강원도속초시중앙로107-1(나이키매장건너편)
98,금호동,빵이야기,6350633,강원도속초시중앙시장로87
99,금호동,원조도문집칼국수,336335150,강원도속초시수복로199(금호동)중앙시장대형주차장옆
100,금호동,틈새라면,336368849,"강원속초시금호동중앙로122-3(금호동,천일안경골목)"
101,금호동,파리바게뜨속초중앙점,336372369,강원속초시금호동479-46(롯데리아건너편)
102,금호동,행복이가득한빵집,6311408,강원속초시중앙동474-19(중앙시장어물전골목초입입구)
103,김화읍,도창반점,334586300,강원도철원군김화읍도창리397-7도창리정자각근처
104,김화읍,바람난파닭,334585072,강원도철원군김화읍김화로635김화로우체국근처
105,김화읍,부흥할인마트,334582654,철원군김화읍학사리255-18(김화우체국앞)
106,김화읍,쉬리고기마당,334584194,강원도철원군김화읍학사리253김화우체국옆
107,김화읍,영풍마트,334582597,강원도철원군김화읍김화로614
108,남면,한반도농협남면지점,333724034,남면연당로127(세계민속악기박물관옆)
109,내곡동,강릉축산농협하나로마트내곡점,336101752,강원강릉시범일로604
110,내곡동,곰돌이왕만두,336462125,"강원강릉시범일로65710,000원이상배달가능"
111,내곡동,맘스터치강릉내곡점,336452200,강원강릉시내곡동남부로17번길231층
112,내곡동,맛있는밥집,336532006,강원강릉시관대길16번길4주공상가102호
113,내곡동,민이반찬푸드,336476377,강원강릉시남부로17번길251층
114,내곡동,뽕뜨락피자강릉내곡점,336450309,강원강릉시남부로17번길23103호(내곡동)
115,내곡동,얌샘김밥내곡점,336458277,"강원강릉시범일로63015,000원이상배달가능"
116,내곡동,형분식한식,336445792,강원강릉시관솔길97-31층
117,노학동,"CU(구,훼미리마트)속초노학점",336372278,강원도속초시노학동３３４
118,노학동,빵내음솔솔,336357119,강원도속초시노학동삼환@상가내106호
119,단계동,김밥나라단계평원점,337478088,강원도원주시곰볼3길28벽산아파트뒷편평원초교후문
120,단계동,김밥천국(단계평원점),337469066,강원원주시금불3길32(단계동)성원초후문근처
121,단계동,대성왕만두김밥,337440790,강원원주시단계동평원초교길25(평원초근처)
122,단계동,동보슈퍼,337452844,강원도원주시단계동111-4(동보렉스아파트상가)
123,단계동,봉화산후레쉬마트,337477800,강원도원주시백간공원길29(단계동1층)e-편한세상아파트후문
124,단계동,쉐프의부대찌개단계점,337345412,원주시원문로100번길2-33(단계사거리육교앞)
125,단계동,쉘브르베이커리,337320558,강원원주시단계동813-13(평원초후문)
126,단계동,와글와글돈까스,337468838,강원원주시단계동885번지(터미널21세기정원뒷골목)
127,단계동,원주농협하나로마트단계점,337415563,강원원주시단계동857-2(장미공원옆)
128,단계동,원주원예하나로클럽,337498888,강원원주시단계동803-2(성원아파트앞)
129,단계동,전주명가한식뷔페,337358988,"강원도원주시서원대로154-2,1층"
130,단계동,파리바게트원주단계점,437483720,강원원주시단계동808-1번지(라이프아파트상가내)
131,단계동,피자스쿨단계점,337332828,강원원주시단계동백간길81장미@(장미아파트상가101호)
132,단계동,황궁손짜장타운,337359988,강원도원주시금불3길17-8(평원초뒷편)
133,단구동,국수나무원주단구점,337663761,강원도원주시서원대로396(롯데시네마1층)
134,단구동,김밥나라(청솔점),337615510,강원도원주시단구로380(삼오정과보석사우나중간)
135,단구동,뚜레쥬르(단구점),337613045,강원도원주시단구동1511-4(롯데시네마위국민은행건물내)
136,단구동,뚜레쥬르단관택지점,337633389,강원도원주시단구로374(단구동)단관택지근처
137,단구동,만두마루,339001005,강원원주시늘품로43(단구동)(현진에버빌2차정문앞)
138,단구동,빵굽는작은마을,337650455,강원원주시단구동1511-2스타월드1층115호(롯데씨네마건물1층)
139,단구동,자금성,337649833,강원도원주시토지길31-26(단구중뒷편)
140,단구동,파리바게뜨단관점,337664463,강원원주시단구동1655-8번지(원주단구농협사거리근처)
141,단구동,파리바게뜨원주시범,337658288,강원원주시단구동1511-2번지(롯데시네마근처)
142,단구동,파리바게트(단구점),337438295,강원도원주시단구로422(킹마트건너편)
143,단구동,하이포크돈까스전문점,337619901,강원원주시단구동1619-6(신성미소지음아파트뒷편)
144,대포동,"CU(구,훼미리마트)속초대포항점",336360838,강원도속초시대포３２９－４
145,동내면,쏭스핫도그춘천거두점,332637767,강원도춘천시동내면공지로70-51(농협하나로마트건너편)
146,동내면,이경규돈치킨(거두점),332619295,강원춘천시동내면춘천순환로72번길38(부영아파트근처)
147,동내면,청궁,332638725,강원춘천시거두택지길39(동내면)거두리부영아파트앞
148,동내면,청해루,332648788,"강원도춘천시동내면거두택지길4번길35,1층(동내면거두리먹자골목내)"
149,동내면,파리바게뜨거두점,2640482,강원춘천시동내면거두리926-1
150,동면,고봉민김밥(장학점),332419555,강원도춘천시동면춘천로449번길20-1(103호)(장학초등학교앞이디아커피옆건물)
151,동면,국수나무춘천장학점,332420065,강원춘천시동면장학리1007-1장학초등학교입구
152,동면,김밥천국장학점,332510188,"강원춘천시동면춘천로449번길20-3,102호장학초등학교근처"
153,동면,대수타,332531694,강원도춘천시동면만천리584-1(한일유앤아이아파트근처)
154,동면,불굴의차여사감자탕장학점,332649119,동면춘천로449번길26-6(한림성심대학교건너편)
155,동면,쁘띠방스,332518929,강원도춘천시동면소양강로100-1(장학엘에이치1단지상가동101호(우측))
156,동면,석봉토스트,332577668,춘천시동면장학리84-1번지(강원고등학교입구)
157,동면,쏭스핫도그춘천장학점,332421320,"춘천시동면춘천로449번길10,1층(봄안경원옆)"
158,동면,얌샘(장학점),332411588,강원춘천시동면소양강로100상가-101(장학LH주공1단지(좌측))
159,동면,자담치킨춘천점,332518292,춘천시동면만천로143번길44(유앤아이아파트정문)
160,동면,킹콩떡볶이(춘천장학점),339102001,"강원도춘천시동면춘천로449번길12장학초근처*15,000원이상배달가능"
161,동면,테이스티,332434933,강원춘천시동면만천양지길901층
162,동면,토스트잇,332429592,"동면춘천로449번길20-1,1층101호(장학초등학교앞)"
163,동면,파리바게뜨,2448255,강원도춘천시동면만천로135벨몽드1층
164,동면,파리바게뜨춘천장학점,332530082,"강원춘천시동면춘천로449번길30(강원고밑,LH아파트앞)"
165,동면,피자스쿨춘천장학점,332418222,강원도춘천시동면춘천로449번길30-1장학초앞
166,동명동,"CU(구,훼미리마트)속초등대점",336383343,강원도속초시동명동2
167,동명동,동춘관,336333478,강원도속초시동명동450-1127/2(속초터미널근처)
168,동송읍,(주)동송오케이마트,334554706,동송읍금학로175(sk주유소옆)
169,동송읍,동송농업협동조합,334550433,동송읍이평로41번길8(동송전통시장안)
170,동송읍,또래오래,334559985,강원철원군동송읍금학로183번지ok마트시장쪽20m
171,동송읍,배터지는돈까스,334561119,동송읍금학로187번길2(동송초정문입구)
172,동송읍,본도시락철원동송점,334554282,동송읍금학로222(감리교회맞은편파리바게트&본죽바로옆)
173,동송읍,봉구스밥버거(동송점),334554550,강원도철원군동송읍이평로53번길12-4(동송시장안)
174,동송읍,샬롬돈까스,334550843,동송읍이평로70-2(동송국민은행옆)
175,동송읍,오대해장국,334560087,"동송읍이평2로17번길8,1층(서울외과골목굿모닝마트맞은편)"
176,동송읍,피자겟,334560111,동송읍금학로228(롯데리아맞은편크리아트2층)
177,동해시,"CU(구,훼미리마트)(동해시)",15773663,전국전국CU편의점
178,동해시,지에스리테일(GS25)(동해시),322006343,서울영등포구문래동6가10
179,동호동,소풍가는날,335330125,강원동해시동호동발한로101오정현외과맞은편
180,망상동,CU동해망상점,335343117,강원도동해시동해대로6270-16(동해망상해변전용주차장)
181,망상동,GS25망상비치점,335343466,강원동해시망상동393-36망상해수욕장
182,명륜1동,김밥나라,337622263,강원원주시명륜동90-20(바이더웨이옆)
183,명륜1동,놀부만두,337661213,강원원주시명륜1동205-37현대1차A상가(현대1차아파트상가)
184,명륜1동,슈톨렌,337657874,강원원주시명륜동행운아파트상가동106호(행운2차아파트앞)
185,명륜1동,파리바게뜨남부점,337648209,"강원도원주시남원로671(명륜동)남부시장옆*10,000원이상배달가능"
186,명륜1동,향교손짜장,337639929,강원원주시명륜동259-31(향교옆)
187,명륜1동,현대반점,337612903,강원원주시명륜1동845-5(원주여중후문근처)
188,명륜2동,김밥나라도영점,337622373,강원원주시예술관길14(명륜동)단구1차아파트상가내
189,명륜2동,김밥나라명륜점,337651477,강원원주시명륜동11(서원주초앞)
190,명륜2동,김밥천국(행운점),337641069,강원원주시명륜2동710-3번지행운아파트상가105호(행운아파트상가내)
191,명륜2동,뚜레쥬르구곡점,337630085,강원원주시남원로441-8(명륜동)(청구아파트2차정문)
192,명륜2동,산들출산물도소매센타,337621131,"강원도원주시예술관길8,1층도영쇼핑옆초록색간판"
193,명륜2동,삼진슈퍼,337620006,강원도원주시예술관길32(행운아파트상가내)
194,명륜2동,탑마트,337625553,강원원주시명륜2동명륜동705주공a상가114(치악초밑)
195,명륜2동,파리바게뜨청구점,337657881,강원도원주시남원로441(청구2차아파트상가)
196,명륜2동,피자스쿨,337660670,강원도원주시예술관길7(도영쇼핑근처)
197,명륜2동,황소마을식육점,337618080,강원도원주시황소마을길41(명륜동)명륜2차후문
198,무실동,김밥천국,337427252,강원원주시무실동1641-9(무실동신한은행옆)
199,무실동,대명유통,337427123,원주시무실동주공7단지상가102호박건우공원옆
200,무실동,딸부자꼬마김밥,337447974,강원도원주시시청로76(원주무실주공아파트403동앞상가)
201,무실동,빵굽는작은마을(무실점),337320456,강원원주시무실동시청로76(무실동주민센터근처)
202,무실동,신참떡볶이,337355859,강원도원주시무실동만대로89(이편한세상상가)
203,무실동,아메르(AMER),337421601,강원원주시무실동1642-1101호(롯데리아앞)
204,무실동,오구쌀피자무실점,337425979,"강원도원주시시청로76,115호(에이스주차타워근처)"
205,무실동,이삭토스트(무실점),337437077,"강원원주시시청로76112호(무실동,에이스주차타워2)"
206,무실동,이찬방,337425344,강원원주시시청로78(무실동)신한은행뒷편
207,무실동,진솔반찬카페,337458065,강원원주시섬밭들1길42-2(세종교차로부근)
208,무실동,파리바게뜨(무실휴먼시아점),337480822,강원도원주시무실본동길2무실주공8차후문
209,무실동,파리바게트,337426217,강원원주시무실동무실동1714이편한상가106호(이편한세상아파트상가)
210,무실동,파리바게트무실점,337464965,"강원원주시무실동시청로84(주공3,4단지근처)"
211,무실동,피자스쿨,337440095,강원원주시무실동1641-10(베스킨라빈스무실점옆)
212,무실동,한주유통,337642288,강원도원주시무실로91(한주아파트상가내)
213,무실동,행복나들이반찬,337459282,"강원도원주시시청로76,1층(베스파아파트근처)"
214,무실동,후레쉬마트무실점,337330066,강원도원주시무실본동길18(휴먼시아원주무실8단지입구앞)
215,묵호동,CU동해까막바위점,335350626,강원도동해시일출로157(까막바위회센터우측10m)
216,묵호동,GS25묵호항점,335342526,강원동해시일출로69(묵호진동15-50)묵호항맞은편
217,묵호동,묵호반점,335339995,강원동해시묵호동시장길24묵호시장수협바로앞
218,문막읍,뚜레쥬르(원주문막점),337320002,강원원주시문막읍부영아파트1113-1403(부영아파트후문근처)
219,문막읍,문막농협하나로마트,337342160,강원원주시문막읍문막리249-5(문막시장옆)
220,문막읍,문막농협하나로마트(동화점),337342160,강원원주시문막읍동화리1536-7(부영아파트근처)
221,반곡관설동,반찬마루,337485505,강원도원주시배울로86대한석탄공사맞은편빌딩
222,반곡관설동,빠리바게뜨(관설점),337618295,강원도원주시시청로494-14에버빌4차아파트건너편
223,반곡관설동,수라칼국수,337664478,강원원주시관설동1648-8(판부농협뒤)
224,반곡관설동,원주원예농협하나로마트혁신도시점,337423333,강원도원주시양지로26(힐데스하임아파트옆)
225,반곡관설동,파리바게뜨,337468747,강원도원주시단구동2681층111호(I-PARK후문위치)
226,반곡관설동,판부농협하나로마트,337690210,강원원주시관설동1495-3(판부농협옆)
227,반곡관설동,푸른숨마트,337484900,원주시혁신로350푸른숨LH10단지상가내
228,반곡관설동,행복나드리반찬혁신점,337447577,강원도원주시혁신로35(보훈공단맞은편)
229,발한동,CU동해동호점,335354532,강원도동해시발한로105(발한동부곡사우나맞은편50m)
230,발한동,CU동해묵호점,335339302,강원도동해시일출로9-1(동해묵호항좌측100m)
231,발한동,CU동해발한점,335356954,강원도동해시발한로207-1(발한동주민센터좌측30m)
232,발한동,GS25동해중앙점,335317688,강원동해시발한로83(발한동597-7)경민아파트밑
233,발한동,김밥나라동호점,335326477,강원도동해시느릅재길6(발한동)(동호동육교)
234,발한동,김밥천국,335332506,강원동해시발한동발한로226-1(묵호건강검진센터앞)
235,발한동,파리바게트묵호점,335358202,강원도동해시발한동18-11층(발한동중앙시장근처)
236,발한동,행복반찬,335328143,"강원도동해시해안로531,1층6호,7호(발한동)묵호역사거리"
237,봉산동,김밥나라,337447150,강원도원주시행구로105(봉산동)동산아파트맞은편
238,봉산동,뚜레쥬르봉산점,337321337,강원원주시봉산동1194-21층(삼익아파트정문앞)
239,봉산동,번개분식,337446590,강원원주시봉산동1127-1(원주경찰서옆공터옆)
240,봉산동,삼익반점,337481313,강원원주시봉산동1197-12(원주시립박물관옆)
241,봉산동,파리바게트원주삼익,337437584,강원원주시봉산동1201삼익상가107호(삼익아파트정문)
242,부곡동,CU동해부곡대로점,335353200,강원도동해시임항로50(해양경찰서입구전50m)
243,부곡동,GS25동해부곡점,335317666,강원동해시발한로61(부곡동72-8)썬샤인파크건너편
244,부곡동,광천막국수,335340113,강원동해시부곡동74-2부곡동우주어린이집앞
245,부곡동,길림성,335318940,강원동해시부곡동가마골길42-15(동해아파트앞)
246,부곡동,행복밥상,335337808,강원동해시부곡동부곡1길9(부곡동주민센터앞)
247,부론면,문막농협하나로마트(부론점),337342160,강원원주시부론면법천리1533(법천시장내)
248,북면,북경각,333723651,마차중앙1길7(북면치안센터옆)
249,북삼동,CU동해남부점,335223012,강원도동해시청운1길50(동해부영아파트입구버스정류장)
250,북삼동,CU동해쇄운점,335217889,강원도동해시효자로572-2(쇄운동아름다운아침상가1층)
251,북삼동,CU동해효가리점,335214489,강원도동해시효자남길68(동해북평고등학교맞은편)
252,북삼동,GS25동해프라임점,335223653,"강원동해시양지길28,동아더프라임상가(효가동371-1)동해프라임아파트단지내"
253,북삼동,써니토스트,335220601,강원동해시효자남길56-1(동회동)북고정문앞
254,북삼동,압구정김밥,335218558,강원동해시동회동효가로687(동성프라자앞)
255,북삼동,웰빙주먹밥,335211536,강원동해시동회동효자남길41(북평고정문옆)
256,북삼동,파리바게뜨효가점,335218500,강원도동해시쇄운동1-6거성빌딩1층대동부영아파트입구
257,북삼동,파리바게트북삼점,335214997,강원동해시효가동162-49나호15/3동성프라자옆
258,북삼동,한솥도시락북평고점,335215959,"강원도동해시효자남길56-1북평고정문앞*15,000원이상배달가능"
259,북평동,CU동해북평점,335219234,강원도동해시오일장2길2(북평하나로마트우측80m)
260,북평동,CU동해북평중앙점,335215932,강원도동해시전천로310(북평동우체국맞은편)
261,북평동,CU동해이원길점,335211228,강원도동해시이원길147(이도작은도서관좌측30m)
262,북평동,CU동해추암점,335216024,강원도동해시추암해오름길13(촛대바위입구옆10m)
263,북평동,CU동해추암촛대바위점,335213250,강원도동해시촛대바위길26(촛대바위주차장)
264,북평동,GS25동해이도점,335212524,"강원동해시이원길182,101,102호(이도동169-1)이도현대아파트상가내"
265,북평동,김밥나라이도점,335218774,"강원동해시이원길182,201(이도동2층)이도현대아파트앞"
266,사천면,사천농협하나로마트사천점,336418253,강원강릉시사천면미노길78-7
267,삼화동,CU동해삼화점,335347233,"강원도동해시효자로267(동해삼화사,무릉계곡입구)"
268,서면,고가네,334551650,서면자등로586(전우사군용품바로옆GS편의점근처)
269,서면,김화농업협동조합,334582086,서면와수리1140-6(김화농협본서하나로마트)
270,서면,뷔페식당,334588088,강원철원군서면와수로62번길5-46
271,서면,중국성,334583902,서면와수로173번길20-1(와수리시외버스터미널맞은편)
272,서면,청춘핫도그앤킹콩쥬스,334584040,강원도철원군서면와수로161
273,서면,취사장,334588088,강원철원군서면와수로159-1농협옆
274,서면,행복반점,334580777,서면신술1길7(신수리행복반점)
275,석사동,60계치킨춘천교대점,332645122,"강원도춘천시공지로119춘천교대앞*최소15,000원이상배달료1,000원"
276,석사동,가리미김밥봄내점,332640375,"강원도춘천시퇴계로215,1층2호(석사동)봄내초등학교정문앞"
277,석사동,가마솥두마리치킨,332513121,강원춘천시벌말길70-11층(석사동)
278,석사동,감탄떡볶이(석사),332628262,강원도춘천시석사동880-5(CGV영화관베스킨라빈스옆)
279,석사동,고봉민김밥인춘천석사점,332619110,"강원춘천시퇴계농공로20,101호(석사동,종로타워)퇴계동CGV밑"
280,석사동,국수나무춘천CGV점,332612267,"강원도춘천시퇴계농공로12,104호(석사동)춘천CGV앞신한은행건물1층"
281,석사동,김밥나라,332645218,강원도춘천시퇴계로217(석사동)봄내초등학교앞김밥나라봄내점
282,석사동,김밥나라애막골점,332615931,강원도춘천시후석로186번길9(석사동)
283,석사동,대수타,332641694,강원도춘천시춘천순환로46(로데오사거리근처)
284,석사동,돈카돈까,332611510,"춘천시퇴계농공로20,2층201호(석사동)CGV근처"
285,석사동,맘스터치(석사점),332647992,강원도춘천시석사동495-14
286,석사동,멕시카나치킨,332649989,"강원춘천시벌말길105,1층(석사동)석사아파트부근"
287,석사동,바르다김선생,332631011,강원춘천시지석로851층104호(석사동)
288,석사동,보미스넥,332617383,강원도춘천시후석로66번길41
289,석사동,본죽(석사에버빌점),332612455,춘천시석사동880-1로얄프라자103안디옥교회옆신한은행옆
290,석사동,봉구스밥버거,332635026,강원도춘천시공지로121
291,석사동,봉구스밥버거,332635026,강원춘천시공지로121(석사동)춘천교대건너편
292,석사동,봉구스밥버거춘천CGV점,332635094,"강원춘천시지석로75111호(석사동,프라임빌딩)춘천CGV근처"
293,석사동,세경베이커리,332631326,"강원춘천시남춘천새길42,상가동101호(석사동,세경아파트)"
294,석사동,신불야성,332448290,강원도춘천시벌말길34(석사동)(석사동주민센터앞)
295,석사동,용해루,332616369,춘천시석사동698-7번지101호102호(석사동사무소건너편골목)
296,석사동,이삭토스트봄내점,332426696,강원춘천시퇴계로2231층(석사동)
297,석사동,이삭토스트(춘천애막골점),332625556,강원도춘천시후석로18622-1(석사동)춘천애막골두산아파트정문앞(구)뚜레쥬르자리
298,석사동,주래등석사점,332636332,강원도춘천시벌말길96(석사동시민닭갈비골목석사노래방옆)
299,석사동,주룡객잔,332634100,강원도춘천시벌말길69(석사사거리석사동사무소쪽약국뒤)
300,석사동,청춘감성쌀핫도그,332616074,"강원도춘천시지석로75,109호(퇴계동CGV건너편골목)"
301,석사동,춘천시니어클럽(맛드림도시락),332563005,춘천시후평1동855-3번지1층
302,석사동,춘천시니어클럽(아름다운식당),332614196,강원도춘천시애막골길20번길23-1(석사동애막골우체국뒷골목)
303,석사동,토마토도시락강원대점,332621947,"강원도춘천시후석로186번길9,1층109호(석사동)MS마트건너편진흥아파트상가"
304,석사동,투빅,332627760,강원춘천시공지로114(석사동)신우아파트상가맞은편
305,석사동,투존치킨피자(춘천점),332637773,강원춘천시석사길5번길40-2(석사동사무소뒷쪽윗편)
306,석사동,파리바게뜨석사점,332628277,강원도춘천시후석로186번길14(애막골진흥아파트앞)
307,석사동,파리바게뜨춘천봄내점,332622001,"강원춘천시퇴계로229,1층(석사동)"
308,석사동,파리바게뜨(에버빌점),332630081,강원도춘천시퇴계농공로16(석사동)
309,석사동,파리바게트춘천봄내점,332622001,강원춘천시퇴계로2291층(석사동)
310,성산면,강릉농협하나로마트성산지점,336419341,강원강릉시성산면구산길16
311,소양동,거북당,332522049,강원춘천시소양로118(소양로3가)소양로농협하나로마트본점1층
312,소양동,돈카돈까,332521510,강원도춘천시중앙로1가91춘천지하상가도청로
313,소양동,맘스터치명동직영점,332429288,강원도춘천시중앙로1가91다-11(지하상가만남의광장)
314,소양동,버거타운,332558175,강원춘천시서부대성로18(e편한세상아파트앞)
315,소양동,봉구스밥버거명동점,332515094,"춘천시중앙로41-2(중앙로1가,지하상가다열)춘천시청근처"
316,소양동,영국베이커리,332524516,강원춘천시소양로184-1(현대아파트입구근처)
317,소양동,오구피자,332529300,강원춘천시서부대성로44번길1(e-편한세상정문근처)
318,소양동,왕거니감자탕,332556570,강원도춘천시후석로597
319,소양동,저스트피자,332441999,"강원춘천시중앙로5다-16호(중앙로1가,지하상가)"
320,소양동,정가네중화요리,332544520,강원도춘천시금강로20-1
321,소양동,한신마트산토스치킨,332560895,강원춘천시요선동서부대성로38(한신휴아파트단지내)*분식만결제가능
322,소양동,현대반점,332577575,강원도춘천시소양로2가74-1
323,소양동,협동조합빅샌,332512727,강원도춘천시봉의산길22번길30-2(옥천동)(유봉여고체육관근처)
324,소초면,소초농업협동조합장양지점,337477064,강원원주시소초면장양리192-3(소초농협장양지점옆)
325,소초면,소초농협하나로마트,337319009,강원원주시소초면평장리785(소초농협옆)
326,속초시,(주)이마트위드미(속초시),269161500,서울특별시성동구성수동2가281-4푸조비즈타워
327,속초시,"CU(구,훼미리마트)(속초시)",15773663,전국훼미리마트편의점
328,속초시,지에스리테일(GS25)(속초시),3220063439,서울영등포구문래동6가10
329,송정동,CU동해송정으뜸점,335220333,강원도동해시송정중앙로76(송정동우체국50m전방)
330,송정동,CU동해송정점,335217675,강원도동해시송정중앙로41(동해역100m전방)
331,송정동,GS25동해역점,335219640,강원동해시송정로54(송정동848-198)동해역건너편
332,신림면,신림농업협동조합,337637411,강원원주시신림면692-1(SK주유소맞은편)
333,신림면,신림농업협동조합황둔지소,337646075,강원원주시신림면황둔리286-1(신림농협황둔지점옆)
334,신림면,신림반점,337627866,강원도원주시신림면신림황둔로7신림공영주차장앞
335,신림면,홍순애황둔쌀찐빵,337354738,강원원주시신림면황둔리286-10(황둔농협앞)
336,신사우동,국수나무춘천우두점,332556870,강원도춘천시영서로2767(우두동)우체국근처
337,신사우동,돈스간스,332529557,강원도춘천시충열로16번길21-10
338,신사우동,또순네,332530535,"강원도춘천시충열로16번길5-19,1층(삼성아파트후문먹자골목안)"
339,신사우동,뚜레쥬르강북점,332585086,"강원도춘천시사우4길36,벨몽드강북점내(사농동)(신사우동주민센터옆)"
340,신사우동,맘스터치강북점,332539288,춘천시영서로27551층우두동소양2교앞
341,신사우동,미래성,332441929,"강원도춘천시영서로2756번길2,1층"
342,신사우동,본죽우두강변점,332546288,강원도춘천시충열로14롯데인벤스맞은편
343,신사우동,쁘레뜨랑우두점,2518444,"강원도춘천시충열로20,1층(롯데인밴스건너삼성@근처)"
344,신사우동,삼성분식,332513788,"강원도춘천시충열로30,상가내(우두동/삼성아파트상가내)"
345,신사우동,심봉사도로케우두점,332578918,강원도춘천시충열로32동부아파트상가
346,신사우동,아딸우두점,332418244,"강원도춘천시충열로10-14,1층(우두동)(사우동우체국건너편)"
347,신사우동,우두반점,332420346,강원도춘천시충열로160(소양초등학교사거리)
348,신사우동,이삭토스트,332520303,강원도춘천시충열로10-9
349,신사우동,파리바게뜨(강북점),332538277,강원도춘천시충열로10-14(새마을금고옆)
350,신사우동,호식이두마리치킨,332536663,춘천시신흥길5번길4-20(우두동)(우두동지구대뒷편)
351,약사명동,국수나무춘천명동점,332557700,"강원도춘천시중앙로63-1,1층(중앙로2가)명동근처"
352,약사명동,빵집,332520071,"춘천시중앙로71(중앙로2가,1층)국민은행춘천지점근처"
353,약사명동,오렌지,339108686,"춘천시중앙로67번길18,5112호(죽림동,브라운상가)명동CGV극장앞"
354,약사명동,전의남자,332525423,강원도춘천시죽림동11-23(중앙시장안)
355,연곡면,북강릉농합하나로마트연곡점,336625121,강원강릉시연곡면연주로30
356,영랑동,"CU(구,훼미리마트)속초장사점",336357791,강원도속초시장사６２４－２
357,영랑동,달콤바삭빵굼터,336316685,강원속초시장사동634-48
358,영랑동,형제반점,336310407,강원도속초시영랑동131-163(다솜아동센터앞)
359,영월군,"CU(구,훼미리마트)(강원영월)",15773663,전국
360,영월군,지에스리테일(GS25)(강원영월군),220062174,서울시강남구논현로508GS타워18층
361,영월읍,59쌀피자,333729959,강원영월군영월읍하송안길124-1군농협건너편
362,영월읍,뚜레쥬르하송점,333737233,강원도영월군영월읍하송로115영월중앙교회건너편
363,영월읍,롯데리아,333741500,강원영월군중동면중동시장길35시외버스터미널근처
364,영월읍,롯데리아영월점,333741500,강원도영월군영월읍중앙로24
365,영월읍,무한부대찌개,333747555,강원도영월군영월읍영월로2085한영빌라103호영월역가기전
366,영월읍,봉구스밥버거,333755094,하송안길122(영월군지부농협맞은편)
367,영월읍,오봉도시락,333755070,강원도영월군영월읍중앙1로32-1터미널사거리파리바게트맞은편
368,영월읍,용우동,333731992,강원도영월군영월읍중앙1로22시외버스터미널송치과1층
369,영월읍,유나인,333736777,강원도영월군영월읍영월로2085한영빌라101호영월역가기전
370,영월읍,이삭토스트,333755792,"강원도영월군영월읍중앙로59신한은행앞*15,000원이상배달가능"
371,영월읍,차이안,333705799,하송로105(석정여자고등학교맞은편)
372,영월읍,한솥도시락,333731230,강원도영월군영월읍하송안길124-1(농협중앙회앞)
373,우산동,뚜레주르원주상지대점,337325100,강원원주시우산로71(상지대사거리롯데리아앞)
374,우산동,뽕뜨락피자(우산점),337428495,강원도원주시상지대길43(롯데리아참조은마트옆)
375,우산동,상지식자재할인마트,337335401,강원도원주시북원로2501
376,우산동,엄마손반찬,337653565,"강원도원주시모란1길70(우산동,수정프라자)"
377,우산동,원주푸드협동조합(행복한달팽이),337451844,강원원주시우산동24근로자종합복지관1층(신일유토빌아파트근처)
378,우산동,참조은마트,337348253,강원원주시우산동136-18(롯데리아옆)
379,우산동,첨밀밀,337427709,강원원주시우산동126-16(현대종합병원앞)
380,우산동,파리바게뜨우산점,337325359,강원원주시우산동200-4(우산초밑)
381,원인동,이동규의맛있는빵내음,337654702,"강원원주시중앙시장길6지상1층49,50-1,51호(중앙동,중앙시장라동)(중앙시장시계탑건너편)"
382,원주시,(주)이마트위드미(원주시),269161500,서울특별시성동구성수동2가281-4푸조비즈타워
383,원주시,"CU(구,훼미리마트)(원주시)",15773663,전국전국CU편의점
384,원주시,지에스리테일(GS25)(원주시),220063439,서울영등포구문래동6가10
385,일산동,59쌀피자(중앙점),337445979,강원원주시무실로9-1원주로데오거리신협맞은편골목안
386,일산동,국제할인마트,337430903,강원원주시일산동229-1(국제아파트상가내)
387,일산동,대가떡집,337461177,강원도원주시남산로74(일산동)왼동사거리에서일산초교방향30m전방우측
388,일산동,미소할인마트,337312600,"강원도원주시무실로118(원동사거리구)코렉스마트,킹마트)"
389,일산동,밥알이밥통칠때,337487751,강원도원주시천사로168일산동주민센터세븐일레븐맞은편
390,일산동,영미원,337421978,강원원주시일산동남산로80-3(원동아파트사거리한주아파트앞골목)
391,일산동,오향각,337338585,강원원주시일산동193-10(김경혜헤어샵옆)
392,일산동,파리바게트원주1호점,337458280,강원원주시일산동원일로115번길5(기독병원정문가는길)
393,조양동,"CU(구,훼미리마트)설악빌리지점",336387009,강원도속초시조양５９０－１
394,조양동,"CU(구,훼미리마트)속초EXPO점",336318186,강원도속초시조양동１０２２－７
395,조양동,"CU(구,훼미리마트)속초굿모닝점",336387791,강원도속초시조양동1432-1
396,조양동,"CU(구,훼미리마트)속초부영점",336380083,강원도속초시조양１５０３－６
397,조양동,"CU(구,훼미리마트)속초시네마점",336380385,강원도속초시조양동１５０６－１
398,조양동,"CU(구,훼미리마트)속초중앙점",336370058,강원도속초시중앙４８１－２８
399,조양동,"CU(구,훼미리마트)조양그린점",336382978,강원도속초시조양１３１０－94/8
400,조양동,"CU(구,훼미리마트)조양주공점",336370385,강원도속초시조양１５３３
401,조양동,김밥천국앤꼬기냉면,336357890,강원속초시조양동동해대로3994(속초고속터미널근처)
402,조양동,김밥천사,336337772,강원도속초시조양동청대로40KCC스웨첸상가A동105호
403,조양동,김밥클릭,336363003,"속초시소평로162(부영3단지상가,106호)"
404,조양동,꼬시네돈가스조양점,336389991,속초시조양로163(부영아파트상가6단지상가내)
405,조양동,끼니와새참,6383040,속초시조양로142번길13(부영아파트9단지상가)
406,조양동,뚜레쥬르속초조양점,336350071,속초시온정로25천년나무3단지상가(조양동)
407,조양동,부영반점,336338389,"속초시부영상가길34(부영5단지상가,202호)"
408,조양동,북경각,336339996,속초시온정로18
409,조양동,분식마을,6360944,"속초시소평로162부영아파트3블럭상가,107호"
410,조양동,빵이야기(조양점),336376997,강원도속초시조양상가길25(조양동1498-2)굿모닝마트2층
411,조양동,뽀빠이수제돈까스전문점,336353400,속초시선사로1길19-1(조양동사무소건너편)
412,조양동,아이러브피자,6351220,속초시청대로204번길39부영아파트3단지상가
413,조양동,아이러브피자(속초새마을점),336325999,강원도속초시동해대로3938-1(새마을사거리근처)
414,조양동,이정숙왕손만두찐빵,336358586,강원도속초시새마을길28(새마을사거리)
415,조양동,"짱구김밥,토스트",336366604,속초시조양동동해대로4135-103호(하이마트주차장옆농협건물)
416,조양동,파리바게뜨(속초엑스포점),6338339,강원속초시조양동제비동1층102호(부영새마을금고옆)
417,조양동,파리바게트조양점,336360459,속초시선사로1길(조양동)(주공아파트맞은편)
418,조양동,파리바게트속초조양점,336360459,속초시선사로1길(조양동)(주공아파트맞은편)
419,조양동,한상기베이커리,336333813,강원도속초시조양로1665블럭상가동*12월4일오픈
420,조운동,갓구운빵굽터내,332518724,강원춘천시춘천로191(지번:춘천시운교동206-8)
421,조운동,고기듬뿍대왕비빔밥춘천점,332551444,강원도춘천시아침길24조양동주민센터근처
422,조운동,본죽명동점,332426233,춘천시조양동26-8명동입구건너편던킨도너츠옆
423,조운동,소담,7087441554,강원도춘천시조양동49-10(M백화점옆)
424,조운동,송주불냉면(운교점),2510980,강원춘천시춘천로185
425,조운동,천미향,332423724,강원도춘천시동부시장길11(동부시장옆성당근처)
426,조운동,파리바게트춘천명동점,332434520,강원도춘천시금강로54우리은행건너편
427,조운동,한스델리,332525212,강원도춘천시중앙로67번길92층(조양동)명동CGV근처
428,주천면,술샘짬뽕타운,333729896,주천로58번길29(한반도농협하나로마트건너편50M부근)
429,주천면,한반도농업협동조합,333728545,주천면주천로68(주천우체국건너편)
430,중동면,중화반점,333783939,강원영월군중동면중동시장길35
431,중앙동,강릉농협하나로마트사업소성남점,336450363,강원강릉시율곡로2792
432,중앙동,고봉민김밥인문화의거리점,336412270,강원강릉시문화의길9
433,중앙동,김밥나라,337463825,강원원주시중앙동40-2외환은행앞
434,중앙동,더삼겹,339222636,강원강릉시성덕포남로45-8(시내전역배달)
435,중앙동,면사무소,336427887,강원강릉시중앙시장2길45(성남동)
436,중앙동,부리또만나,7040010770,"강원원주시중앙시장길6,라동2층(미로예술시장내)*포장가능"
437,중앙동,스시990,337450990,강원원주시중앙동71-112층(국민은행옆2층)
438,중앙동,원주농협중앙지점,337466101,강원원주시중앙동원일로88-2(강원강영앞)
439,중앙동,이구동성,336550667,"강원강릉시경강로2069번길1016,000원이상배달가능"
440,중앙동,임당식당,336456561,강원강릉시문화의길7번길4
441,중앙동,죠스떡볶이대학로점,336417200,강원강릉시금학동16-2
442,중앙동,토스트굽는사람들강릉여고점,336418735,강원강릉시경강로2172
443,중앙동,행복한모루도서관구내식당,336469637,강원강릉시율곡로2923-12
444,지정면,원주농협지정지점,337329293,강원원주시지정면간현리809(원주레일바이크앞)
445,천곡동,CU뉴천곡중앙점,335341161,강원도동해시중앙로237(우리은행천곡지점옆100m)
446,천곡동,CU동해미소점,335324765,강원도동해시감추로11(천곡동롯데아파트입구맞은편)
447,천곡동,CU동해센트로빌점,335328889,강원도동해시한섬로73(센트로빌아파트후문입구옆20m)
448,천곡동,CU동해오렌지점,335334443,강원도동해시천곡로14(천곡파출소옆30m)
449,천곡동,CU동해천곡대로점,335357758,강원도동해시천곡로59-1(천곡동천일서점우측20m)
450,천곡동,CU동해천곡샘실점,335318980,강원도동해시샘실1길18(주공4차아파트인근동해마트앞50m)
451,천곡동,CU동해천곡원룸점,335335977,강원도동해시샘실3길74(천곡베이커리옆20m)
452,천곡동,CU동해천곡으뜸점,335357897,강원도동해시중앙로152(경포아파트앞100m(버스정류장인근)
453,천곡동,CU동해평릉점,335330595,강원도동해시평릉길20(동해금호어울림아파트인근50m)
454,천곡동,CU천곡로데오점,335337688,강원도동해시천곡로86-2(천곡동롯데시네마맞은편)
455,천곡동,CU천곡시네마점,335316788,강원도동해시한섬로111-5(롯데시네마건물1층)
456,천곡동,CU천곡점,335310010,강원도동해시중앙로20-3(동해코스모스호텔인근50m)
457,천곡동,GS25뉴동해타운점,335335647,강원동해시천곡동916천곡동모텔촌
458,천곡동,GS25동해동인병원점,335324462,"강원동해시하평로26(평릉동134,동해동인병원)동해동인병원1층"
459,천곡동,GS25동해제일점,335324325,강원동해시동굴로63(천곡동1008-15)북평여고앞
460,천곡동,GS25동해천곡점,335329525,"강원동해시대학로28,104호(천곡동1075,동림아케이드)동해삼성아파트정문앞"
461,천곡동,GS25동해하나리움점,335355962,강원동해시평릉동449하나리움상가103~104호동해하나리움아파트앞
462,천곡동,GS25천곡으뜸점,335355019,강원동해시감추1길27(천곡동960-13)A마트위원룸촌
463,천곡동,소마우동,335351566,강원동해시천곡동1063삼양타워2차101호주공2차후문앞
464,천곡동,신촌생우동,335357088,강원동해시천곡동대학로10(주공2차후문)
465,천곡동,진태원,335353363,강원동해시한섬로70-1(천곡동)센트로빌아파트정문앞
466,천곡동,태백루,335324003,강원동해천곡1043-3주공3차상가2(주공3차상가태백루)
467,천곡동,태용각,335338098,강원동해시천곡동1045-1현대아파트입구미니스톱건물내
468,천곡동,파리바게뜨동해천곡중앙점,335358888,"강원도동해시중앙로150,1층(천곡동)구)경포아파트맞은편,동해초등학교근처"
469,천곡동,파리바게뜨천곡점,335320624,강원도동해시천곡로14(천곡동)한양아파트맞은편
470,천곡동,파스타리코,335350075,"강원도동해시중앙로231,2층2호(천곡동)(천곡동신한은행옆금강산약국2층)"
471,천곡동,한스델리동해점,335355911,강원동해시중앙로249(우리은행옆건물2층)
472,천곡동,향미원,335358206,강원동해시천곡동971-7(동해에이마트옆)
473,철원군,"CU(구,훼미리마트)(철원군)",15773663,전국훼미리마트편의점
474,철원군,지에스리테일(GS25)(철원군),3220063439,서울영등포구문래동6가10
475,철원읍,은혜의정부부대찌개,334550165,강원도철원군철원읍금학로274철원농협근처
476,철원읍,철원유통,334550573,강원도철원군철원읍금학로262화지2리철원고등학교근처
477,춘천시,(주)이마트위드미(춘천시),269161500,서울특별시성동구성수동2가281-4푸조비즈타워
478,춘천시,"CU(구,훼미리마트)(춘천시)",15773663,전국훼미리마트편의점
479,춘천시,지에스리테일(GS25)(춘천시),220062191,서울영등포구문래동6가
480,태장1동,동일각,337435777,강원원주시태장1동850-11(KBS송신소앞)
481,태장1동,올리브피자치킨,337329278,강원도원주시치악로7960(태장동)(태장1동주민센터부근)
482,태장1동,즉석김밥,337454050,강원원주시태장동730-10(새마을금고앞)
483,태장2동,(주)남원태장원마트,337316711,강원원주시태장동1374-1(주공아파트건너편)
484,태장2동,1미터피자(태장점),337341182,강원도원주시현충로282(진우아파트근처)
485,태장2동,사러가플러스마트,337338998,강원도원주시북원상가길13(북원상가내)
486,태장2동,영복마트,337432410,강원원주시태장2동1394-2(우성2차후문)
487,태장2동,자금성,337428186,강원원주시태장동1031-14(태장초옆)
488,태장2동,토란식당,337424761,강원원주시태장2동1393-1(대흥아파트정문좌측)
489,태장2동,파리바케뜨원주태장점,337358208,강원원주시태장동북원로2700(바다약국옆)
490,태장2동,후레쉬슈퍼마켓(태장주공점),337447065,강원도원주시태장둔치길77(태장동)주공4단지입구*3만원이상배달가능
491,퇴계동,59피자퇴계점,332555950,강원도춘천시승지골길16번길16(퇴계동)퇴계7단지주공아파트상가동104호
492,퇴계동,가리미김밥퇴계금호한주점,332526770,강원도춘천시안마산로227(지번:강원도춘천시퇴계동1013-4)
493,퇴계동,간식대장,332521401,"강원춘천시승지골길16번길49104호(퇴계동,뜨란채아파트상가동)"
494,퇴계동,김밥나라퇴계점,2440448,강원도춘천시춘주로145-1(지번:강원도춘천시퇴계동903-5)
495,퇴계동,남춘천중국집,332555312,"강원도춘천시퇴계로74(퇴계동)(퇴계동주민센터근처,남춘천주유소맞은편)"
496,퇴계동,도킹치킨,332412259,강원춘천시춘주로147번길19(퇴계동)퇴계동남부초등학교후문놀이터앞
497,퇴계동,땅땅치킨춘천퇴계점,332629278,"강원도춘천시안마산로203홈플러스건너편*최소배달14,500원"
498,퇴계동,떡토순,332521401,"강원춘천시승지골길16번길49상가동104호(퇴계동,뜨란채아파트)"
499,퇴계동,뚜레쥬르(퇴계주공점),332610458,강원도춘천시퇴계로146(퇴계동)
500,퇴계동,뚜레쥬르남춘천점,332440069,강원도춘천시행촌로27(남춘천중학교앞)
501,퇴계동,뚱떡,339104464,춘천시지석로80(퇴계동CGV1층)
502,퇴계동,마리앤,332642623,"강원춘천시퇴계로139-1,102호(퇴계동)퇴계주공1단지옆"
503,퇴계동,미쳐버린파닭(춘천점),332519212,강원도춘천시춘주로187번길3(남부초근처)
504,퇴계동,바푸리춘천퇴계점,332633333,"강원춘천시지석로11,1층(퇴계동)퇴계동하나로마트옆"
505,퇴계동,백년족발,332430600,"강원도춘천시춘주로162,101(퇴계동)(현대1차아파트상가내)"
506,퇴계동,소풍가자,332427770,강원춘천시춘주로187(퇴계동)
507,퇴계동,아딸(퇴계점),332525889,강원도춘천시춘주로153(남구초등학교근처)
508,퇴계동,애플돈가스전문점사과나무,332528555,강원춘천시가연길23
509,퇴계동,여기루,332518209,강원춘천시남춘천길31(퇴계동주민센터맞은편)
510,퇴계동,연경손만두,332571690,"강원춘천시춘주로147번길10,1층(퇴계동)남부초등학교후문늘푸른어린이집부근"
511,퇴계동,용천옛날통닭퇴계점,332632636,"강원도춘천시김유정로1885,1층101호(퇴계동)(중앙하이츠1차아파트입구)"
512,퇴계동,웰덤치킨석사cgv,332697722,"강원춘천시지석로80,2층231호(퇴계동)춘천CGV내2층"
513,퇴계동,이삭토스트(퇴계점),2547689,강원도춘천시행촌로36(구조흥은행사거리황실보석건너편)
514,퇴계동,이삭토스트퇴계한주점,332642492,"강원도춘천시안마산로213,1층111호,117호(금호타운아파트한주아파트사이퇴계타운상가내)"
515,퇴계동,장꾸웨이,332570333,강원도춘천시춘주로187번길20-13(퇴계동)(구/탁틴스포츠앞)
516,퇴계동,쭈노치킨퇴계칠전점,2539245,강원도춘천시행촌로11(퇴계동)(한진한성아파트상가)
517,퇴계동,찡오랑,1072416570,"강원춘천시지석로801층113호(퇴계동,춘천시너스카펠라복합빌딩)"
518,퇴계동,챠이강짬뽕,332625644,강원도춘천시안마산로216(한주아파트근처)
519,퇴계동,토스피아투탑시티점,332697744,"강원도춘천시지석로80,2층-235(퇴계동,투탑시티)(춘천퇴계동씨지브이2층)"
520,퇴계동,파리바게뜨퇴계점,332621172,강원도춘천시안마산로199(한주금호아파트건너편)
521,퇴계동,파리바게뜨퇴계주공점,332628202,강원춘천시퇴계로175103호(퇴계동)바른손문구점맞은편
522,퇴계동,파리바게뜨(남춘천점),2570082,강원도춘천시행촌로29(구조흥은행자리대원빌딩/현대2차입구)
523,퇴계동,패밀리치킨,332412421,강원도춘천시충혼길34번길14(온의동)강남병원뒤쪽
524,퇴계동,패밀리피자치킨,332617200,강원도춘천시퇴계로146번길4-3남춘천휴먼시아2단지근처
525,퇴계동,피자마루,332549950,강원춘천시춘주로141(농협밑)
526,퇴계동,피자스쿨남춘천점,332523633,강원도춘천시춘주로150
527,퇴계동,피자스쿨(퇴계금호타운점),332647444,강원도춘천시안마산로213퇴계금호타운상가
528,퇴계동,하나로반점,332611122,강원도춘천시퇴계동77-2(한주아파트앞)
529,퇴계동,후라이드참잘하는집,332639294,강원도춘천시퇴계로139-1
530,학성동,남원주농업협동조합,337378888,강원원주시흥업면흥업리590-2(강릉원주대후문)
531,학성동,송송칼국수,337480243,강원원주시학성동326-3(중앙볼링장앞)
532,학성동,영진하이마트,337437009,강원원주시학성동267-72/5(학성동사무소윗편)
533,학성동,코렉스마트,337479577,강원원주시학성동1002-2(단계사거리원주역방향우측)
534,한반도면,한반도농협신천지점,333726071,강원도영월군한반도면서강로736-3
535,한반도면,한반도농협쌍용지점,333725121,강원도영월군한반도면무동길9
536,행구동,원주농협하나로마트(행구점),337325032,강원원주시행구동1720-4(SG마트옆)
537,호저면,원주농협호저지점,337382807,강원도원주시호저면호저로437호저면사무소100m부근
538,홍제동,59피자유천점,336455984,강원강릉시선수촌로63번길5상가동103호
539,홍제동,강원양돈농협유천지점,336504988,강원강릉시홍제동1028-2
540,홍제동,국선생강릉유천점,336412589,강원강릉시선수촌로69메타폴리스104호
541,홍제동,국수나무강릉유천점,336466224,"강릉시선수촌로79-15,110호"
542,홍제동,늘솜김밥,336413399,강원강릉시선수촌로63번길14-16110호
543,홍제동,뒷골,336475100,강원강릉시사임당로61번길18
544,홍제동,바푸리쉬는시간,336516271,강원강릉시선수촌로63번길14-16유퍼스트108호
545,홍제동,반찬에반하다,336443199,강원강릉시선수촌로63번길18-5
546,홍제동,버튼,336418026,강원강릉시명주로2
547,홍제동,봉녀네반찬가게,336460286,강원강릉시명주로31
548,홍제동,용우동유천점,336558484,강원강릉시선수촌로79-7106호
549,홍제동,파리바게뜨유천점,336436361,강원강릉시선수촌로63번길26-9
550,효자1동,거북당(수협마트춘천점),332412045,공지로3451층(수협마트점내거북당)
551,효자2동,BHC치킨,332619942,강원도춘천시백령로81
552,효자2동,가리미김밥석사세경점,332576643,"강원도춘천시남춘천새길39,1층(효자동)세경할인마트앞"
553,효자2동,뚜레쥬르효자점,339115407,강원춘춘시공지로2401층(효자동)세경할인마트건너편
554,효자2동,만나돈가스,2418254,강원도춘천시백령로29
555,효자2동,맛강정치킨,332623005,강원춘천시공지로2521층(효자동)
556,효자2동,명해루,332630025,강원도춘천시공지로242번길21(효자동)(병무청건너편비봉화원골목안쪽)
557,효자2동,밥리버거,332621599,"강원도춘천시공지로265-2,1층(효자동)(강원대학교정문앞300m삼거리근처)"
558,효자2동,수짬뽕,332568222,"강원도춘천시공지로276-3,1층(법원옆)"
559,효자2동,아망떼제과점,332575336,강원도춘천시효제길22(효제초등학교정문아래150m)
560,효자2동,유진스넥,332555373,강원도춘천시공지로266(강대정문입구에서법원방향)
561,효자2동,진미닭갈비본점,332432888,강원춘천시백령로51
562,효자2동,진영루,2562229,강원도춘천시효자로83(신동아아파트입구)
563,효자2동,코나주먹밥,2422008,강원춘천시서부대성로224
564,효자2동,탁이왕족발,332413987,효자동647번지(타로광장)
565,효자2동,하오차이,2626031,강원도춘천시공지로254(강원대정문삼거리근처)
566,효자2동,하이루(1호점),332573460,강원도춘천시효자로52-1(부속초등학교앞)
567,효자2동,행복한두부,332557710,강원춘천시둥지길4
568,효자3동,거북당(벨몽드점),332442045,"강원도춘천시춘천로197-1,1층(효자동,벨몽드상가)팔호광장벨몽드마트내"
569,효자3동,대수타강대점,332541694,강원도춘천시백령로138번길10(강대후문근처)
570,효자3동,대학로탕수육,332413334,"강원춘천시서부대성로198,1층(효자동)강원대학교후문팔호광장방면"
571,효자3동,더베이커리(Thebakery),2510098,강원도춘천시효자문길20-1
572,효자3동,맘스쿡,332557944,강원도춘천시서부대성로227번길4(강대후문먹자골목안)*2인분이상배달가능
573,효자3동,미화네떡볶이2,1077530817,강원도춘천시서부대성로222-1(강원대후문축협사거리)
574,효자3동,박가부대춘천강대점,332570755,강원도춘천시백령로138번길41(효자동)강원대학교후문건너편(배달주문시꼭꿈자람카드라고말씀해주세요)
575,효자3동,본죽(강대점),332444467,춘천시효자동15-32층강대병원응급실맞은편
576,효자3동,송탄햄버거,332532046,"강원도춘천시서부대성로229-1,3동1층(효자동)강원대학교후문"
577,효자3동,수반점,332412589,서부대성로2102층(강원대학교축협사거리하마감자탕2층)
578,효자3동,왕초뼈다귀해장국,2512937,강원도춘천시백령로171(강대병원후평2단지100m좌측)
579,효자3동,원수제돈가스,332539966,강원도춘천시서부대성로251-1(효자동)강원대학교후문에서사대부고쪽
580,효자3동,유우동돈까스,332516525,강원도춘천시백령로127(축협사거리영신안경원건너편)
581,효자3동,이삭토스트(강원대점),332538295,강원도춘천시서부대성로211
582,효자3동,죠스떡볶이,332555871,강원춘천시백령로138번길41(강대후문근처)
583,효자3동,중화루,332422214,강원도춘천시효자동642-2
584,효자3동,춘향,332542234,"강원춘천시후만로11,1층101호(효자동)후평주공5단지입구"
585,효자3동,큰골집,332530595,춘천시후만로11(사대부고건너편춘향2층)
586,효자3동,파리바게트강원대점,332412210,강원도춘천시서부대성로235
587,효자3동,피자스쿨(석사애막골점),332616066,강원도춘천시후석로186번길16(진흥아파트앞)
588,후평1동,동보성,332524337,강원춘천시보안길124
589,후평1동,룽타우객잔후평점,332538399,강원도춘천시후석로395(후평공단스타주유소앞)
590,후평1동,빵터진돈까스,332633119,"강원도춘천시후석로393번길31(세경3차건너편골목길)*13,000원배달가능"
591,후평1동,투존치킨춘천후평점,332418988,강원도춘천시후석로393번길40-11층(후평동)참좋은한림마트뒷골목
592,후평1동,파리바게트한림대점,332554520,강원도춘천시삭주로96
593,후평1동,하루에베이커리(하나로마트후평점),332422045,강원춘천시후석로414(후평동)하나로마트내
594,후평2동,60계치킨춘천후평점,332550060,강원도춘천시백령로190춘천트루엘건너편
595,후평2동,백미부대찌개,2424565,강원도춘천시부안길6번길33(부안초길옆)
596,후평2동,사자와밥상,332520061,후평동67-35번지(지적공사인근)
597,후평2동,순옥이네,332556002,강원춘천시춘천로310번길221층(후평동)
598,후평2동,아미김밥,2569664,강원도춘천시후석로253(한우리약국근처)
599,후평2동,오르새피자강원대학교점,332428855,강원도춘천시백령로212(부안초정문근처)
600,후평2동,원중화요리,332417664,"강원도춘천시후만로13,1층(후평동)(후평주공5단지정문옆)"
601,후평2동,파리바게뜨(후평점),332558203,강원도춘천시후석로293
602,후평2동,파리바게뜨(포스코점),332578205,강원도춘천시춘천로296번길3(후평1단시장입구)
603,후평2동,피자스쿨춘천후평점,2538998,강원도춘천시후석로299
604,후평2동,피크닉,332522211,강원도춘천시후석로299-1(후평동)은하수거리근처
605,후평2동,후평김밥나라,332432131,강원도춘천시후석로298(지적공사건너편)
606,후평3동,고봉민김밥춘천후평점,332520011,강원춘천시후석로326후평동포스코맞은편
607,후평3동,국수나무(춘천후평점),332560559,"강원도춘천시보안길70-2(후평동)포스코정문,MS마트중간지점"
608,후평3동,김밥박사,2567557,강원도춘천시대양당길1(주공@4단지입구)
609,후평3동,대가찹살순대,332551722,강원춘천시후만로79번지(인공폭포1.5닭갈비옆)
610,후평3동,도이첸후평점,332577982,"강원춘천시후석로278,1층(후평동)인공폭포사거리"
611,후평3동,돌담집짬뽕,332571315,"강원춘천시보안길50-2,지하1층(후평동)지적공사앞공영주차장맞은편"
612,후평3동,르방베이커리,1063953794,강원춘천시후석로248(춘성할인마트내)
613,후평3동,매콤달콤떡볶이,332531400,강원춘천시후석로257-1(인공폭포사거리석사동방향)
614,후평3동,맥시칸치킨호프,332425366,"강원도춘천시후만로98번길24(후평동,1층3호)(봉의고등학교밑)"
615,후평3동,먹고갈래,332433208,강원춘천시후석로250번길231층(후평동)봉의예술고등학교맞은편
616,후평3동,먹보만두김밥분식,332527896,강원도춘천시후만로87-1(후평3동사무소옆)
617,후평3동,바른생활,332412566,"강원춘천시후평3동후석로326,113(포스코정문앞)"
618,후평3동,병천순대(후평점),332561237,강원도춘천시보안길55
619,후평3동,쁘레뜨랑(후평점),2572298,강원도춘천시후석로298(지적공사건너편)
620,후평3동,선이스낵,332423353,"강원도춘천시후석로258번길28(후평3동)주공아파트4단지401동,405동사이주님의교회맞은편"
621,후평3동,아시안피자쏭스핫도그,332419309,강원춘천시후석로252(후평동)한신아파트사거리햇빛약국밑건물
622,후평3동,아줌마숯불갈비,332531363,강원도춘천시춘천로311
623,후평3동,이경규의돈치킨포스코점,332433392,"강원춘천시후석로326번길5,1층(후평동)포스코정문앞"
624,후평3동,쭈노치킨,2439985,강원도춘천시수풍골길13번길26(현대3차뒤개나리아파트앞)-(후평/교동/효자)배달가능
625,후평3동,하이루,332562562,강원도춘천시세실로204(후평동)초록할인마트옆
626,후평3동,홍해아,332524577,강원춘천시후만로98번길16
